Frequency of observations in the selected location(s).:,,,,,,,,,,,,,,,,,,,,,,,,,,,,,,,,,,,,,,,,,,,,,,,,
Number of taxa: ,132,,,,,,,,,,,,,,,,,,,,,,,,,,,,,,,,,,,,,,,,,,,,,,,
,,,,,,,,,,,,,,,,,,,,,,,,,,,,,,,,,,,,,,,,,,,,,,,,
,Jan,,,,Feb,,,,Mar,,,,Apr,,,,May,,,,Jun,,,,Jul,,,,Aug,,,,Sep,,,,Oct,,,,Nov,,,,Dec,,,
Sample Size:,3,1,4,4,2,3,2,3,2,0,2,3,0,2,0,0,1,2,0,1,0,3,0,2,2,4,1,8,2,1,2,6,2,3,5,5,2,11,10,4,6,2,9,6,8,3,2,7
,,,,,,,,,,,,,,,,,,,,,,,,,,,,,,,,,,,,,,,,,,,,,,,,
"Lesser Rhea (<em class=""sci"">Rhea pennata</em>)",0,0,0,0,0.5,0,0,0,0,0,0,0,0,0,0,0,0,0,0,0,0,0,0,0,0,0,0,0,0,0,0,0,0,0,0,0,0,0,0,0,0,0,0,0,0,0,0,0
"Elegant Crested-Tinamou (<em class=""sci"">Eudromia elegans</em>)",0,0,0,0,0,0,0,0,0,0,0,0,0,0.5,0,0,0,0,0,0,0,0,0,0,0,0,0,0,0,0,0,0,0,0,0,0,0,0,0,0,0,0,0,0.1666667,0,0,0,0
"Anser sp. (<em class=""sci"">Anser sp.</em>)",0,0,0,0,0,0,0,0,0,0,0,0,0,0,0,0,0,0,0,0,0,0,0,0,0,0,0,0,0,0,0,0,0,0,0,0,0,0.0909091,0,0,0,0,0,0,0,0,0,0
"Black-necked Swan (<em class=""sci"">Cygnus melancoryphus</em>)",0.3333333,0,0,0.5,0.5,0,0,0,0,0,0.5,0,0,0,0,0,0,0,0,0,0,0,0,0.5,0,0,0,0,0,0,0,0,0,0,0,0.4,1,0.6363636,0.2,0.75,0.8333333,0.5,0.1111111,0,0.125,0.0015,0,0.1428571
"Coscoroba Swan (<em class=""sci"">Coscoroba coscoroba</em>)",0.0015,0,0.25,0.75,0.5,0,0.5,0,0,0,0,0.0015,0,0,0,0,0,0,0,0,0,0,0,0,0,0,0,0,0,0,0,0,0,0,0,0.2,0.5,0.3636364,0.3,0.75,0.5,0.5,0.1111111,0.3333333,0.375,0.6666667,0.5,0.5714286
"Upland Goose (<em class=""sci"">Chloephaga picta</em>)",0.3333333,0.0015,0.75,0.75,1,0.3333333,0.5,0,1,0.0015,0.5,0.6666667,0,0,0,0,0,0,0,1,0,0,0,0.0015,0,0.25,0,0.875,0.5,1,1,0.8333333,1,1,1,1,1,0.9090909,0.9,0.75,0.8333333,1,0.6666667,0.8333333,0.75,0.3333333,1,0.7142857
"Ashy-headed Goose (<em class=""sci"">Chloephaga poliocephala</em>)",0,0,0.25,0.25,0,0,0.5,0,0.5,0,0,0,0,0,0,0,0,0,0,0,0,0,0,0,0,0,0,0,0,0,0,0,0,0,0,0,0,0,0,0,0,0.0015,0,0,0,0,0,0
"Crested Duck (<em class=""sci"">Lophonetta specularioides</em>)",0,0,0,0,0,0,0,0,0,0,0,0,0,0,0,0,0,0,0,0,0,0,0,0,0,0,0,0,0,0,0,0.1666667,0,0,0.2,0,0,0,0,0,0,0,0,0,0,0,0,0
"Spectacled Duck (<em class=""sci"">Speculanas specularis</em>)",0,0,0,0,0,0,0,0,1,0,0,0,0,0,0,0,0,0,0,0,0,0,0,0,0,0,0,0,0,0,0,0,0,0,0,0,0,0.0909091,0,0.25,0,0,0,0,0,0,0,0
"Silver Teal (<em class=""sci"">Spatula versicolor</em>)",0,0,0,0,0,0,0,0,0,0,0.5,0,0,0,0,0,0,0,0,0,0,0,0,0,0,0,0,0,0,0,0,0,0,0,0,0,0,0,0,0,0,0,0,0,0,0,0,0
"Cinnamon Teal (<em class=""sci"">Spatula cyanoptera</em>)",0,0,0.25,0.25,0.5,0,0,0,0,0,0,0,0,0,0,0,0,0,0,0,0,0,0,0,0,0,0,0,0,0,0,0,0,0,0,0,0,0,0,0,0,0,0,0.1666667,0,0,0,0.1428571
"Red Shoveler (<em class=""sci"">Spatula platalea</em>)",0.0015,0.0015,0.75,0.5,1,0.3333333,0.5,0,0,0.0015,0,0.3333333,0,0,0,0,0,0,0,0,0,0,0,0,0,0,0,0,0,0,0,0,0,0,0.2,0.4,0.5,0.2727273,0.6,0.75,0.8333333,0.5,0.3333333,0.6666667,0.75,1,0.5,0.5714286
"Chiloe Wigeon (<em class=""sci"">Mareca sibilatrix</em>)",0.3333333,0,0.75,0.75,1,0.6666667,0,0,1,0.0015,0.5,0.3333333,0,0,0,0,0,0,0,0,0,0,0,0,0,0,0,0,0,0,0,0,0,0,1,1,0.5,0.4545455,0.6,0.5,0.8333333,1,0.4444444,0.6666667,0.875,0.6666667,0.5,0.5714286
"Mallard (<em class=""sci"">Anas platyrhynchos</em>)",0,0,0,0,0,0,0,0,0,0,0,0,0,0,0,0,0,0,0,0,0,0,0,0,0,0,0,0,0,0,0,0,0,0,0.2,0,0,0,0.1,0,0,0,0,0,0,0,0,0
"Yellow-billed Pintail (<em class=""sci"">Anas georgica</em>)",0.3333333,0.0015,0.5,0.75,0.5,0.6666667,0.5,0,0.5,0.0015,0.5,0.3333333,0,0,0,0,0,0,0,0,0,0,0,0,0,0.25,0,0.25,0.5,1,0.5,0.8333333,0.5,0.3333333,0.8,1,0.5,0.6363636,0.7,0.75,0.8333333,1,0.2222222,0.6666667,0.625,1,1,0.7142857
"Yellow-billed Teal (<em class=""sci"">Anas flavirostris</em>)",0.3333333,0.0015,0.75,0.75,1,0.3333333,0,0,1,0.0015,0.5,0.3333333,0,0,0,0,0,0,0,0,0,0,0,0,0,0,0,0.25,0.5,1,0.5,0.5,0.5,0.3333333,0.6,0.6,1,0.5454545,0.5,0.5,0.3333333,0.5,0.2222222,0.3333333,0.625,0.6666667,0.5,0.4285714
"Rosy-billed Pochard (<em class=""sci"">Netta peposaca</em>)",0,0,0,0,0.5,0,0,0,0,0,0,0,0,0,0,0,0,0,0,0,0,0,0,0,0,0,0,0,0,0,0,0,0,0,0,0.2,0,0.0909091,0,0,0,0,0,0.1666667,0,0,0,0
"Andean Duck (<em class=""sci"">Oxyura ferruginea</em>)",0.3333333,0,0.25,0.5,1,0.3333333,0,0,0,0,0,0,0,0,0,0,0,0,0,0,0,0,0,0,0,0,0,0,0,0,0,0,0,0,0.2,0.4,0.5,0.0909091,0.4,0.5,0,0,0.2222222,0.6666667,0.375,0.3333333,0,0.1428571
"Lake Duck (<em class=""sci"">Oxyura vittata</em>)",0,0,0.25,0.25,1,0.3333333,0,0,0,0,0,0.3333333,0,0,0,0,0,0,0,0,0,0,0,0,0,0,0,0,0,0,0,0,0,0.3333333,0,0.6,0.5,0.0909091,0.5,0.25,0.5,0.5,0.3333333,0.1666667,0.5,0.6666667,0.5,0.4285714
"Andean/Lake Duck (<em class=""sci"">Oxyura ferruginea/vittata</em>)",0,1,0,0,0,0,0,0,0,0,0,0,0,0,0,0,0,0,0,0,0,0,0,0,0,0,0,0,0,0,0,0,0,0,0,0,0,0,0,0,0,0,0,0,0,0,0,0.1428571
"California Quail (<em class=""sci"">Callipepla californica</em>)",0,0,0,0.25,0.5,0,0,0,1,0,0.5,0.3333333,0,0,0,0,0,0,0,1,0,0.3333333,0,0,0,0,0,0,0,0,0,0,0,0,0,0,0,0.0909091,0.1,0,0.1666667,0.5,0.3333333,0.1666667,0.25,0.3333333,0,0.2857143
"Wild Turkey (<em class=""sci"">Meleagris gallopavo</em>)",0,0,0,0,0,0,0,0,0,0,0,0,0,0,0,0,0,0,0,0,0,0,0,0,0,0,0,0,0,0,0,0,0,0,0,0,0,0,0,0,0,0,0.1111111,0,0,0,0,0
"Chilean Flamingo (<em class=""sci"">Phoenicopterus chilensis</em>)",0.6666667,1,0.75,0.5,0.5,0.3333333,0.5,0,1,0.0015,0.5,0.3333333,0,0,0,0,0,0,0,0,0,0,0,0,0,0.25,1,0.625,0.5,1,0.5,0.6666667,0,0,0.4,0.8,0.5,0.8181818,0.7,0.75,1,1,0.1111111,0.5,0.5,0.6666667,1,0.5714286
"White-tufted Grebe (<em class=""sci"">Rollandia rolland</em>)",0.3333333,0,0.25,0.75,0.5,0.3333333,0,0,0,0,0,0.3333333,0,0,0,0,0,0,0,0,0,0,0,0,0,0,0,0,0,0,0,0,0,0,0,0.4,1,0.2727273,0.5,0.5,0.3333333,0.5,0.2222222,0.3333333,0.5,0.6666667,0,0.4285714
"Pied-billed Grebe (<em class=""sci"">Podilymbus podiceps</em>)",0,0,0,0,0,0,0,0,0,0,0.5,0,0,0,0,0,0,0,0,0,0,0,0,0,0,0,0,0,0,0,0,0,0,0,0,0,0,0,0,0,0,0,0,0,0,0,0,0
"Great Grebe (<em class=""sci"">Podiceps major</em>)",0,0,0,0,0,0,0,0,0,0,0,0,0,0,0,0,0,0,0,0,0,0,0,0,0,0,0,0,0,0,0,0,0,0,0,0,0,0,0.1,0,0,0,0.0015,0,0,0,0,0
"Silvery Grebe (<em class=""sci"">Podiceps occipitalis</em>)",0.3333333,0.0015,0.25,0.5,0.5,0.3333333,0.5,0,0,0,0.5,0.3333333,0,0,0,0,0,0,0,0,0,0,0,0,0,0,0,0,0,0,0,0,0,0.3333333,0.8,1,0.5,0.4545455,0.7,0.75,0.6666667,0.5,0.4444444,0.8333333,0.75,0.6666667,1,0.4285714
"Rock Pigeon (<em class=""sci"">Columba livia</em>)",0,0,0,0,0,0,0,0,0,0,0,0,0,0,0,0,0,0,0,0,0,0,0,0,0,0,0,0,0,0,0,0,0,0,0,0,0,0.0909091,0.1,0,0,0,0,0,0,0,0,0
"Picazuro Pigeon (<em class=""sci"">Patagioenas picazuro</em>)",0,0,0.5,0,0,0,0,0,0,0,0,0,0,0,0,0,0,0,0,0,0,0,0,0,0,0,0,0,0,0,0,0,0,0,0,0,0,0.0909091,0.1,0,0,0,0,0,0,0,0,0
"Chilean Pigeon (<em class=""sci"">Patagioenas araucana</em>)",0,0,0,0,0,0,0,0,0,0,0,0,0,0,0,0,0,0,0,0,0,0,0,0,0,0,0,0,0,0,0,0,0,0,0,0,0,0,0.1,0,0,0,0.1111111,0,0,0,0,0
"Picui Ground Dove (<em class=""sci"">Columbina picui</em>)",0.3333333,0,0,0,0,0,0,0,0,0,0,0,0,0,0,0,0,0,0,0,0,0,0,0,0,0,0,0,0,0,0,0,0,0,0,0,0,0,0,0,0,0,0,0,0,0,0,0
"Black-winged Ground Dove (<em class=""sci"">Metriopelia melanoptera</em>)",0.3333333,0,0.5,0.25,0.5,0,0,0,0,0,0,0,0,0,0,0,0,0,0,0,0,0,0,0,0,0.25,0,0,0,0,0,0,0,0,0,0,0,0,0,0,0,0,0.1111111,0,0,0,0,0
"Eared Dove (<em class=""sci"">Zenaida auriculata</em>)",0,0,0.5,0.5,0.5,0.6666667,0.5,0,0,0,0,0,0,0,0,0,0,0,0,0,0,0,0,0,0,0,0,0,0,0,0,0,0,0,0,0,0,0.0909091,0.4,0.25,0,0.0015,0.4444444,0.3333333,0.375,0,0.5,0.1428571
"Band-winged Nightjar (<em class=""sci"">Systellura longirostris</em>)",0,0,0,0,0,0,0,0,0,0,0,0,0,0,0,0,0,0,0,0,0,0,0,0,0,0,0,0,0,0,0,0,0,0,0,0,0,0,0,0,0,0,0.1111111,0,0,0,0,0
"Green-backed Firecrown (<em class=""sci"">Sephanoides sephaniodes</em>)",0,0,0,0,0,0,0,0,0.5,0,0,0,0,0,0,0,0,0,0,0,0,0,0,0,0,0,0,0,0,0,0,0,0,0,0,0,0,0,0,0,0,0,0,0,0,0,0,0
"Red-gartered Coot (<em class=""sci"">Fulica armillata</em>)",0.3333333,0,0.5,0.25,0.5,0.6666667,0,0,0,0,0,0.3333333,0,0,0,0,0,0,0,0,0,0,0,0,0,0,0,0,0,0,0,0,0,0,0.6,0.8,0.5,0.5454545,0.7,0.75,0.8333333,0.5,0.3333333,0.8333333,0.75,1,1,0.5714286
"White-winged Coot (<em class=""sci"">Fulica leucoptera</em>)",0,0.0015,0.25,0.75,0.5,0.6666667,0.5,0,0,0,0.5,0,0,0,0,0,0,0,0,0,0,0,0,0,0,0,0,0,0,0,0,0.1666667,0,0,0.4,0.2,0.5,0.2727273,0.5,0.5,0,0,0.2222222,0.1666667,0.625,0.3333333,0,0.1428571
"coot sp. (<em class=""sci"">Fulica sp.</em>)",0,0,0,0,0,0,0,0,0,0,0,0.0015,0,0,0,0,0,0,0,0,0,0,0,0,0,0,0,0,0,0,0,0,0,0,0,0,0.5,0,0,0,0,0,0.1111111,0,0.125,0,0,0
"Black-necked Stilt (<em class=""sci"">Himantopus mexicanus</em>)",0,0,0,0,0,0.3333333,0,0,0,0,0,0,0,0,0,0,0,0,0,0,0,0,0,0,0,0,0,0,0,0,0,0,0.5,0.3333333,0,0,0,0,0.1,0,0.1666667,0,0,0.1666667,0,0,0,0
"Southern Lapwing (<em class=""sci"">Vanellus chilensis</em>)",0.3333333,0.0015,1,0.75,0.5,0.3333333,0.5,0,1,0.0015,0.5,0.3333333,0,0,0,0,0,0,0,0,0,0,0,0,0,0,0.0015,0.5,0.5,1,1,0.8333333,1,1,0.8,1,1,0.9090909,0.8,1,0.8333333,1,0.6666667,0.6666667,0.625,0.6666667,1,0.4285714
"Collared Plover (<em class=""sci"">Anarhynchus collaris</em>)",0,0,0,0,0,0,0,0,0,0,0,0,0,0,0,0,0,0,0,0,0,0,0,0,0,0,0,0,0,0,0,0,0,0,0,0,0,0,0,0,0,0,0,0.1666667,0,0,0,0
"Gray-breasted Seedsnipe (<em class=""sci"">Thinocorus orbignyianus</em>)",0,0,0,0,0,0,0,0,0,0,0,0,0,0,0,0,0,0,0,0,0,0,0,0,0,0,0,0,0,0,0,0,0,0,0,0,0,0,0,0,0,0,0,0.1666667,0,0,0,0
"Least Seedsnipe (<em class=""sci"">Thinocorus rumicivorus</em>)",0,0,0,0,0,0,0,0,0,0,0,0,0,0,0,0,0,0,0,0,0,0,0,0,0,0,0,0,0,0,0,0,0,0,0,0,0,0,0,0,0,0,0,0.1666667,0,0,0,0
"Magellanic Snipe (<em class=""sci"">Gallinago magellanica</em>)",0,0,0.5,0.5,0.5,0.3333333,0,0,0,0,0,0.3333333,0,0,0,0,0,0,0,0,0,0,0,0,0,0,0,0,0,0,0,0,0,0,0,0,0,0,0,0,0,0,0.1111111,0.1666667,0.125,0,0,0
"Wilson's Phalarope (<em class=""sci"">Phalaropus tricolor</em>)",0.0015,0,0.25,0,0.5,0,0.5,0,0,0,0,0,0,0,0,0,0,0,0,0,0,0,0,0,0,0,0,0,0,0,0,0,0,0,0,0,0.5,0.1818182,0,0.5,0.3333333,0,0.1111111,0.3333333,0.25,0.3333333,1,0.4285714
"Lesser Yellowlegs (<em class=""sci"">Tringa flavipes</em>)",0,0,0.25,0.5,0,0.3333333,0.5,0,0,0,0,0,0,0,0,0,0,0,0,0,0,0,0,0,0,0,0,0,0,0,0,0,0,0,0,0,0,0.1818182,0,0,0,0,0,0.1666667,0.375,0,0,0.1428571
"Greater Yellowlegs (<em class=""sci"">Tringa melanoleuca</em>)",0,0,0,0,0,0,0.5,0,0,0,0,0,0,0,0,0,0,0,0,0,0,0,0,0,0,0,0,0,0,0,0,0,0,0,0,0,0.5,0.0909091,0,0.25,0.1666667,0,0,0.1666667,0.25,0,0,0
"Baird's Sandpiper (<em class=""sci"">Calidris bairdii</em>)",0,0,0,0,0,0,0,0,0,0,0,0,0,0,0,0,0,0,0,0,0,0,0,0,0,0,0,0,0,0,0,0,0,0,0,0.2,0,0.0909091,0.2,0,0,0,0,0.1666667,0,0,0,0
"Brown-hooded Gull (<em class=""sci"">Chroicocephalus maculipennis</em>)",0,0,0,0,0,0,0,0,0,0,0,0,0,0,0,0,0,0,0,0,0,0,0,0,0,0,0,0,0,0,0,0,0,0,0,0,0,0,0,0,0.1666667,0,0,0,0,0,0,0
"Kelp Gull (<em class=""sci"">Larus dominicanus</em>)",0,0,0,0,0,0,0,0,0,0,0,0,0,0,0,0,0,0,0,0,0,0,0,0,0,0,0,0,0,0,0,0,0,0,0,0,0,0.0909091,0.1,0.25,0,0.5,0.1111111,0,0,0,0,0
"Neotropic Cormorant (<em class=""sci"">Nannopterum brasilianum</em>)",0,0,0,0,0,0,0,0,0,0,0,0,0,0,0,0,0,0,0,0,0,0,0,0,0,0,0,0,0,0,0,0,0,0,0,0,0,0,0.1,0,0.3333333,0.0015,0,0.1666667,0,0,0,0
"Black-crowned Night Heron (<em class=""sci"">Nycticorax nycticorax</em>)",0,0,0.25,0.25,0,0,0,0,0,0,0,0.3333333,0,0,0,0,0,0,0,0,0,0,0,0,0,0,0,0,0,0,0,0,0,0,0,0,0,0,0,0,0,0,0.1111111,0.1666667,0.125,0,0.5,0.1428571
"Snowy Egret (<em class=""sci"">Egretta thula</em>)",0,0,0,0,0,0,0,0,0,0,0,0,0,0,0,0,0,0,0,0,0,0,0,0,0,0,0,0,0,0,0,0,0,0,0,0,0,0,0,0,0,0,0,0,0,0,0,0.1428571
"Great Egret (<em class=""sci"">Ardea alba</em>)",0,0,0,0,0,0,0,0,0,0,0,0,0,0,0,0,0,0,0,0,0,0,0,0,0,0,0,0,0,0,0,0,0,0,0,0,0,0,0,0,0,0,0,0,0,0,0,0.1428571
"Cocoi Heron (<em class=""sci"">Ardea cocoi</em>)",0,0,0,0,0,0,0.5,0,0,0,0,0,0,0,0,0,0,0,0,0,0,0,0,0,0,0,0,0,0,0,0,0,0,0,0,0,0,0,0,0,0,0,0,0,0,0,0,0
"Black-faced Ibis (<em class=""sci"">Theristicus melanopis</em>)",0.3333333,0,0.25,0.5,0,0,0.5,0.3333333,0,0,0,0,0,0,0,0,0,0,0,0,0,0,0,0,0,0,0,0,0,0,0,0,0.5,0.6666667,0.2,0.6,0.5,0.1818182,0.4,0.5,0.3333333,0.0015,0.6666667,0.3333333,0.5,0,0.5,0.5714286
"Andean Condor (<em class=""sci"">Vultur gryphus</em>)",0,0,0.75,0.25,0.5,0.3333333,0,0.3333333,0,0,0.5,0.3333333,0,0.5,0,0,1,0.5,0,1,0,1,0,0.0015,0.5,0.5,1,0.625,0.5,0,0.5,0.3333333,0,0.6666667,0,0.2,0.5,0.2727273,0.6,0.25,0.3333333,0.5,0,0.6666667,0.625,0.6666667,0,0.2857143
"Black Vulture (<em class=""sci"">Coragyps atratus</em>)",0.3333333,0,0.5,0.25,0.5,0.3333333,0,0.3333333,0.5,0,0,0.3333333,0,0,0,0,0,0,0,0,0,0.3333333,0,0,0,0.25,0,0,0,0,0,0.1666667,0,0.3333333,0,0.2,0,0.2727273,0.3,0.25,0,0.5,0.4444444,0.6666667,0.25,0.3333333,0,0
"Turkey Vulture (<em class=""sci"">Cathartes aura</em>)",0,0,0.75,0.25,0,0,0.5,0.6666667,0.5,0,0,0,0,0,0,0,0,0,0,0,0,0,0,0,0,0,0,0,0,0,0,0,0,0,0,0,0,0.1818182,0.4,0,0,0.5,0.1111111,0.5,0,0,0,0
"Cinereous Harrier (<em class=""sci"">Circus cinereus</em>)",0.3333333,0,0.25,0.0015,0,0,0,0,0,0,0,0,0,0,0,0,0,0,0,0,0,0,0,0,0,0,0,0,0,0,0,0,0,0,0,0,0,0.0909091,0.1,0.25,0.1666667,0.0015,0.1111111,0.1666667,0.125,0.3333333,0.5,0.1428571
"Chilean Hawk (<em class=""sci"">Accipiter chilensis</em>)",0,0,0,0,0,0,0,0,0,0,0,0,0,0,0,0,0,0,0,0,0,0,0,0,0,0,0,0,0,0,0,0.1666667,0,0,0,0,0,0,0,0,0,0,0,0,0,0,0,0
"Harris's Hawk (<em class=""sci"">Parabuteo unicinctus</em>)",0,0,0.25,0,0,0,0,0,0,0,0,0,0,0,0,0,0,0,0,1,0,0,0,0,0,0,0,0,0,0,0,0,0,0,0,0,0,0,0,0,0,0,0,0,0,0.3333333,0,0
"Variable Hawk (<em class=""sci"">Geranoaetus polyosoma</em>)",0,0,0,0.25,0,0,0,0,0,0,1,0.3333333,0,0,0,0,1,0,0,1,0,0,0,0.5,0,0.25,0,0.25,0,0,0,0,0,0,0,0,0,0,0.1,0,0.1666667,0.5,0,0.1666667,0.125,0,0,0
"Black-chested Buzzard-Eagle (<em class=""sci"">Geranoaetus melanoleucus</em>)",0.3333333,0.0015,0.75,0.75,1,0.3333333,0,0.6666667,0.5,0.0015,0.5,0.6666667,0,0.5,0,0,0,0,0,1,0,1,0,0.0015,0,0.75,0,0.375,0,0,0,0.1666667,0,0.3333333,0.2,0.4,0.5,0.4545455,0.7,0,0.6666667,0.5,0.5555556,0.3333333,0.125,0.3333333,0,0.1428571
"Barn Owl (<em class=""sci"">Tyto alba</em>)",0,0,0,0,0,0,0,0,0,0,0,0,0,0,0,0,0,0,0,0,0,0,0,0,0,0,0,0.125,0,0,0,0,0,0,0,0,0,0,0,0,0,0,0,0,0,0,0,0
"Lesser Horned Owl (<em class=""sci"">Bubo magellanicus</em>)",0.3333333,0,0,0,0,0,0.0015,0,0,0,0,0,0,0,0,0,1,0,0,1,0,0,0,0.0015,0,0,0,0,0,0,0.5,0,0,0,0,0,0,0.0909091,0.1,0,0,0,0,0,0,0,0,0
"Austral Pygmy-Owl (<em class=""sci"">Glaucidium nana</em>)",0,0,0.25,0,0,0,0,0,0,0,0,0,0,0,0,0,0,0,0,0,0,0.3333333,0,0,0.5,0,0,0.125,0,0,0,0,0.5,0,0,0.2,0,0.1818182,0,0,0,0,0,0.1666667,0.125,0,0,0
"Short-eared Owl (<em class=""sci"">Asio flammeus</em>)",0,0,0,0,0,0,0,0,0,0,0,0,0,0,0,0,0,0,0,0,0,0,0,0,0,0,0,0,0,0,0,0,0,0,0,0,0,0,0,0,0.1666667,0,0,0,0,0,0,0
"Ringed Kingfisher (<em class=""sci"">Megaceryle torquata</em>)",0,0,0,0,0,0,0,0,0,0,0,0,0,0,0,0,0,0,0,0,0,0,0,0,0,0,0,0,0,0,0,0,0,0,0,0,0,0,0,0,0,0.0015,0,0,0,0,0,0
"Chilean Flicker (<em class=""sci"">Colaptes pitius</em>)",0.3333333,0,0.5,0.5,0,0,0,0,0,0,0,0.6666667,0,0,0,0,0,0,0,0,0,0,0,0,0,0.25,0,0,0,0,0,0,0,0,0,0,0,0,0.2,0,0.1666667,0.0015,0.1111111,0,0.25,0,0,0
"Crested Caracara (<em class=""sci"">Caracara plancus</em>)",0.6666667,1,0.75,1,0.5,0,0.5,0,0.5,0,0.5,0.3333333,0,0,0,0,1,0.5,0,1,0,0.6666667,0,0.5,0,0,0,0.0015,0.5,0,0,0,0,0.6666667,0.2,0,0.5,0,0.2,0,0.5,0.5,0.2222222,0.5,0.25,0.3333333,0.5,0.2857143
"Chimango Caracara (<em class=""sci"">Daptrius chimango</em>)",0.3333333,0,1,0.75,0.5,0,0,0.3333333,1,0,1,0.6666667,0,0,0,0,0,0.5,0,1,0,0.6666667,0,0.5,0,0.5,1,0.5,0,0,1,0.1666667,0.5,0.6666667,0.4,0.6,0.5,0.5454545,0.7,0.5,0.3333333,1,0.4444444,0.5,0.25,0,0.5,0.1428571
"American Kestrel (<em class=""sci"">Falco sparverius</em>)",0.3333333,0,0.75,1,0,0.3333333,1,0.6666667,0.5,0,1,1,0,0.5,0,0,0,0,0,1,0,0.3333333,0,0,0,0.5,0,0.125,0,0,0.5,0.1666667,0.5,0.3333333,0.4,0.6,0.5,0.4545455,0.7,0.5,0.3333333,0,0.5555556,0.6666667,0.375,1,0.5,0.4285714
"Aplomado Falcon (<em class=""sci"">Falco femoralis</em>)",0,0,0,0,0,0,0,0,0,0,0,0,0,0,0,0,0,0,0,0,0,0,0,0,0,0.25,0,0,0,0,0,0,0,0,0,0,0,0.0909091,0.1,0,0,0,0,0.1666667,0,0,0,0
"Peregrine Falcon (<em class=""sci"">Falco peregrinus</em>)",0,0,0,0.25,0,0,0,0,0,0,0,0,0,0,0,0,0,0,0,0,0,0,0,0,0,0,0,0,0,0,0,0,0,0,0,0,0,0,0,0,0,0,0.2222222,0,0.125,0,0,0
"Austral Parakeet (<em class=""sci"">Enicognathus ferrugineus</em>)",0,0,0,0,0,0,0,0,0,0,0,0,0,0,0,0,0,0,0,0,0,0,0,0,0,0,0,0,0,0,0,0,0,0,0.2,0,0,0,0,0,0,0,0,0,0,0,0,0
"Burrowing Parakeet (<em class=""sci"">Cyanoliseus patagonus</em>)",0,0,0,0,0,0,0,0,0,0,0,0,0,0,0,0,0,0.5,0,0,0,0.3333333,0,0,0,0.25,0,0,0,0,0,0,0,0,0,0,0,0,0,0,0,0,0,0,0,0,0,0
"Common Miner (<em class=""sci"">Geositta cunicularia</em>)",0,0,0.25,0,0,0,0,0,0,0,0,0,0,0,0,0,0,0,0,0,0,0,0,0,0,0,0,0,0,0,0,0,0,0,0,0,0,0,0,0,0,0,0,0.1666667,0,0,0,0.1428571
"Rufous-banded Miner (<em class=""sci"">Geositta rufipennis</em>)",0,0,0,0,0,0,0,0,0,0,0,0,0,0,0,0,0,0,0,0,0,0.3333333,0,0,0,0,0,0,0,0,0,0,0,0,0,0,0,0,0,0,0,0,0,0,0,0,0,0
"Wren-like Rushbird (<em class=""sci"">Phleocryptes melanops</em>)",0,0,0.25,0,0,0,0,0,0,0,0,0.3333333,0,0,0,0,0,0,0,0,0,0,0,0,0,0,0,0,0,0,0,0,0,0,0,0,0,0,0,0,0,0,0,0,0,0,0,0
"Scale-throated Earthcreeper (<em class=""sci"">Upucerthia dumetaria</em>)",0,0,0,0,1,0.3333333,0.0015,0,0,0,0,0,0,0,0,0,0,0,0,0,0,0,0,0,0,0,0,0,0,0,0,0,0,0,0,0,0,0,0.1,0,0,0,0,0.1666667,0.125,0,0,0
"Buff-winged Cinclodes (<em class=""sci"">Cinclodes fuscus</em>)",0,0,0.25,0,0,0,0,0,0,0,0.5,0.3333333,0,0,0,0,0,0,0,0,0,0,0,0,0,0,0,0,0,0,0,0,0,0,0.2,0.2,0.5,0.0909091,0,0.25,0,0,0.1111111,0,0,0,0,0
"Dark-bellied Cinclodes (<em class=""sci"">Cinclodes patagonicus</em>)",0,0,0,0,0,0,0,0,0,0,0,0,0,0,0,0,0,0,0,0,0,0,0,0,0,0,0,0,0,0,0,0,0,0,0,0,0,0.0909091,0.2,0,0,0.5,0.1111111,0,0,0.3333333,0,0
"Plain-mantled Tit-Spinetail (<em class=""sci"">Leptasthenura aegithaloides</em>)",0,0,0.5,0.25,0.5,0,0.5,0.6666667,1,0,0,0,0,0.5,0,0,0,0.5,0,1,0,0,0,0,0,0.25,0,0,0,0,0,0,0,0.3333333,0,0,0,0.0909091,0,0,0.3333333,1,0.2222222,0,0.125,0.6666667,0,0.1428571
"Austral Canastero (<em class=""sci"">Asthenes anthoides</em>)",0,0,0,0,0,0,0,0,0,0,0,0,0,0,0,0,0,0,0,0,0,0,0,0,0,0,0,0,0,0,0,0,0,0,0,0,0,0,0,0,0,0,0,0,0,0,0.5,0
"Cordilleran Canastero (<em class=""sci"">Asthenes modesta</em>)",0,0,0,0.25,0,0,0,0,0,0,0,0,0,0,0,0,0,0,0,0,0,0,0,0,0,0,0,0,0,0,0,0,0,0,0,0,0,0,0,0,0,0,0.1111111,0.1666667,0,0,0,0
"Sharp-billed Canastero (<em class=""sci"">Asthenes pyrrholeuca</em>)",0,0,0.0015,0.25,0.5,0.3333333,0,0,0,0,0,0,0,0,0,0,0,0,0,0,0,0,0,0,0,0,0,0,0,0,0,0,0,0,0,0,0,0.0909091,0.2,0.25,0.5,0.5,0.2222222,0.1666667,0.125,0.3333333,0.5,0
"White-throated Cacholote (<em class=""sci"">Pseudoseisura gutturalis</em>)",0,0,0,0,0,0,0,0,1,0,0,0,0,0,0,0,0,0,0,0,0,0,0,0,0,0,0,0,0,0,0,0,0,0,0,0,0,0,0,0,0,0,0,0,0,0,0,0
"White-tipped Plantcutter (<em class=""sci"">Phytotoma rutila</em>)",0,0,0,0,0,0,0,0,0,0,0,0,0,0,0,0,0,0,0,0,0,0,0,0,0,0,0,0,0,0,0,0.1666667,0,0,0,0,0,0,0,0,0,0,0,0,0,0,0,0
"Rufous-tailed Plantcutter (<em class=""sci"">Phytotoma rara</em>)",0.3333333,0,0.5,0,0,0,0,0,0,0,0,0.3333333,0,0,0,0,0,0,0,0,0,0,0,0,0,0,0,0,0,0,0,0,0,0,0,0,0,0.0909091,0.3,0,0.1666667,0,0.2222222,0.1666667,0.125,0.3333333,0,0.1428571
"Many-colored Rush Tyrant (<em class=""sci"">Tachuris rubrigastra</em>)",0.3333333,0,0.25,0.25,0.5,0,0,0,0,0,0,0,0,0,0,0,0,0,0,0,0,0,0,0,0,0,0,0,0,0,0,0,0,0,0,0,0,0,0,0,0,0,0,0.1666667,0,0,0,0
"Tufted Tit-Tyrant (<em class=""sci"">Anairetes parulus</em>)",0,0,0,0,0,0,0,0,0,0,0,0,0,0,0,0,0,0.5,0,1,0,0.3333333,0,0,0,0,0,0,0,0,0.5,0,0,0,0,0,0,0.0909091,0.2,0,0,0.5,0.2222222,0.1666667,0,0,0,0
"White-crested Elaenia (<em class=""sci"">Elaenia albiceps</em>)",0.3333333,0,0.25,0.25,0,0,0,0.6666667,0,0,0,0,0,0,0,0,0,0,0,0,0,0,0,0,0,0,0,0,0,0,0,0,0,0,0,0,0,0,0.1,0.5,0.1666667,0.0015,0.4444444,0.3333333,0.375,0.3333333,0.5,0.4285714
"Austral Negrito (<em class=""sci"">Lessonia rufa</em>)",0.6666667,0.0015,0.75,0.5,1,0.6666667,0.5,0.6666667,0,0.0015,0.5,0.3333333,0,0,0,0,0,0,0,0,0,0,0,0,0,0,0,0,0,0,0,0,0,0.6666667,0.6,1,1,0.6363636,0.7,0.25,0.5,1,0.7777778,0.3333333,0.5,0.3333333,0.5,0.7142857
"Spectacled Tyrant (<em class=""sci"">Hymenops perspicillatus</em>)",0.3333333,0,0.5,0.5,1,0.3333333,0,0,0,0,0,0,0,0,0,0,0,0,0,0,0,0,0,0,0,0,0,0,0,0,0,0,0,0,0,0,0,0.2727273,0.2,0,0.1666667,0.0015,0.3333333,0.3333333,0.25,0,0.5,0.4285714
"Spot-billed Ground-Tyrant (<em class=""sci"">Muscisaxicola maculirostris</em>)",0,0,0,0,0.5,0,0,0,0,0,0,0,0,0,0,0,0,0,0,0,0,0,0,0,0,0,0,0,0,0,0,0,0,0,0,0,0,0,0,0,0,0,0,0.1666667,0,0,0,0
"Dark-faced Ground-Tyrant (<em class=""sci"">Muscisaxicola maclovianus</em>)",0,0,0.25,0,0,0,0,0,0,0,0,0.3333333,0,0.5,0,0,0,0,0,0,0,0,0,0,0,0.5,0,0.375,0.5,1,0.5,0.3333333,0,0,0,0,0,0,0,0,0,0.0015,0,0,0,0,0,0
"White-browed Ground-Tyrant (<em class=""sci"">Muscisaxicola albilora</em>)",0,0,0,0,0,0,0,0,0,0,0,0,0,0,0,0,0,0,0,0,0,0,0,0,0,0,0,0,0,0,0,0,0,0,0,0,0,0,0,0,0,0,0,0,0,0.3333333,0,0
"Cinnamon-bellied Ground-Tyrant (<em class=""sci"">Muscisaxicola capistratus</em>)",0,0,0,0,0,0,0,0,0,0,0,0,0,0,0,0,0,0,0,0,0,0,0,0,0,0,0,0,0,0,0,0,0,0.3333333,0,0,0,0,0,0,0,0,0,0,0,0,0,0
"Fire-eyed Diucon (<em class=""sci"">Pyrope pyrope</em>)",0,0,0,0,0,0,0,0.3333333,0.5,0,0,0.3333333,0,0,0,0,0,0,0,0,0,0.3333333,0,0.0015,0,0.5,1,0.5,0.5,0,0,0.1666667,0,0.3333333,0.4,0,0,0.2727273,0.2,0,0,0,0.1111111,0.1666667,0,0,0,0
"Rusty-backed Monjita (<em class=""sci"">Neoxolmis rubetra</em>)",0,0,0,0.25,0.5,0,0,0,0,0,0,0,0,0,0,0,0,0,0,0,0,0,0,0,0,0,0,0,0,0,0,0,0,0,0,0,0,0,0,0,0,0,0,0,0,0,0,0
"Black-billed Shrike-Tyrant (<em class=""sci"">Agriornis montanus</em>)",0,0,0,0.25,0,0,0,0,1,0,0,0,0,0,0,0,0,0,0,0,0,0,0,0,0,0,0,0,0.5,0,0,0,0,0,0,0,0,0,0,0,0,0,0,0,0,0,0,0
"Great Shrike-Tyrant (<em class=""sci"">Agriornis lividus</em>)",0.3333333,0,0.25,0.5,0.5,0.3333333,0.5,0,0,0,0.5,0.3333333,0,0,0,0,0,0,0,0,0,0.6666667,0,0.0015,0,0.5,0,0.125,0,0,0,0,0,0.3333333,0,0.2,0,0.0909091,0.1,0,0.3333333,0.5,0.2222222,0.1666667,0,0,0.5,0
"Gray-bellied Shrike-Tyrant (<em class=""sci"">Agriornis micropterus</em>)",0,0,0,0.25,0,0,0,0,0,0,0,0,0,0,0,0,0,0,0,0,0,0,0,0,0,0,0,0,0,0,0,0,0,0,0,0,0,0,0,0,0,0,0,0.1666667,0,0,0,0
"Lesser Shrike-Tyrant (<em class=""sci"">Agriornis murinus</em>)",0,0,0,0,0,0,0,0,0,0,0,0,0,0,0,0,0,0,0,0,0,0,0,0,0,0,0,0,0,0,0,0,0,0,0,0,0,0,0,0,0,0,0,0.1666667,0.125,0,0,0
"Chilean Swallow (<em class=""sci"">Tachycineta leucopyga</em>)",0,0,0.25,1,0.5,0,0,0,0,0,0,0,0,0,0,0,0,0,0,0,0,0,0,0,0,0,0,0,0,0,0,0,0,0,0.2,0.8,0.5,0.4545455,0.5,0.75,0.3333333,0.5,0.7777778,0.6666667,0.5,0.6666667,0.5,0.8571429
"Blue-and-white Swallow (<em class=""sci"">Pygochelidon cyanoleuca</em>)",0.3333333,0,0.5,0.75,0,0,0,0,0,0.0015,0,0,0,0,0,0,0,0,0,0,0,0,0,0,0,0,0,0,0,0,0,0,0,0,0,0,0,0,0.1,0,0,0.0015,0.2222222,0.1666667,0.125,0,0.5,0.1428571
"Barn Swallow (<em class=""sci"">Hirundo rustica</em>)",0,0,0,0,0,0,0,0,0,0,0,0,0,0,0,0,0,0,0,0,0,0,0,0,0,0,0,0,0,0,0,0,0,0,0,0,0,0,0,0,0,0,0,0,0,0,0,0.2857143
"swallow sp. (<em class=""sci"">Hirundinidae sp.</em>)",0,0,0,0,0,0,0,0,0,0,0,0,0,0,0,0,0,0,0,0,0,0,0,0,0,0,0,0,0,0,0,0,0,0,0,0,0,0,0.1,0,0,0,0,0,0,0,0,0
"House Wren (<em class=""sci"">Troglodytes aedon</em>)",0,0,0.5,0.25,0,0,0,0.3333333,0,0,0.5,0,0,0,0,0,0,0,0,0,0,0.3333333,0,0,0,0,0,0,0,0,0,0,0,0.3333333,0.2,0,0,0.2727273,0.5,0.5,0.3333333,1,0.3333333,0.3333333,0.375,0,0.5,0.5714286
"Grass Wren (<em class=""sci"">Cistothorus platensis</em>)",0,0,0.25,0,0,0,0,0,0,0,0,0,0,0,0,0,0,0,0,0,0,0,0,0,0,0,0,0,0,0,0,0,0,0,0,0,0,0,0,0,0,0,0,0,0,0,0,0
"Patagonian Mockingbird (<em class=""sci"">Mimus patagonicus</em>)",0,0,0,0,0,0,0,0,0,0,1,0,0,0,0,0,0,0,0,0,0,0,0,0,0,0,0,0,0.5,0,0,0,0,0,0,0,0,0,0,0,0,0,0,0.3333333,0,0,0,0
"Chalk-browed Mockingbird (<em class=""sci"">Mimus saturninus</em>)",0,0,0,0,0,0,0,0,0,0,0,0,0,0,0,0,0,0,0,0,0,0,0,0,0,0,0,0,0,0,0,0,0,0,0,0,0,0,0,0,0,0,0,0.1666667,0,0,0,0
"Austral Thrush (<em class=""sci"">Turdus falcklandii</em>)",0,0.0015,0.5,0.25,0,0,0.5,0.3333333,0.5,0,0.5,0.3333333,0,0,0,0,0,0,0,0,0,0.6666667,0,0,0,0.25,1,0.5,0.5,1,1,0.8333333,0.5,0.3333333,0.2,0.4,1,0.4545455,0.4,0.75,0.5,1,0.6666667,0.8333333,0.5,0.0015,0.5,0.5714286
"House Sparrow (<em class=""sci"">Passer domesticus</em>)",0.3333333,0,0,0,0,0,0,0,0,0,0,0,0,0,0,0,0,0,0,0,0,0,0,0,0,0,0,0,0,0,0,0,0,0,0,0,0,0,0.1,0,0,0,0,0.3333333,0,0,0,0
"Correndera Pipit (<em class=""sci"">Anthus correndera</em>)",0.3333333,0,0,0,0,0,0,0,0,0,0,0,0,0,0,0,0,0,0,0,0,0,0,0,0,0,0,0,0,0,0,0,0,0,0,0,0,0,0,0.25,0,0.0015,0.0015,0.1666667,0,0,0,0
"Hellmayr's Pipit (<em class=""sci"">Anthus hellmayri</em>)",0,0,0,0,0,0,0,0,0,0,0,0.3333333,0,0,0,0,0,0,0,0,0,0,0,0,0,0,0,0,0,0,0,0,0,0,0,0,0,0,0,0,0,0,0.1111111,0,0,0,0,0
"Black-chinned Siskin (<em class=""sci"">Spinus barbatus</em>)",0.3333333,0,0.25,0,0,0,0,0.3333333,0,0,0,0,0,0.5,0,0,1,0.5,0,0,0,0.6666667,0,0,0,0.25,1,0.375,1,0,0.5,0.1666667,0,0.3333333,0.6,0,0,0.0909091,0.3,0,0.1666667,0.5,0.4444444,0.1666667,0.25,0.3333333,0.5,0.4285714
"Rufous-collared Sparrow (<em class=""sci"">Zonotrichia capensis</em>)",0,0,0.5,0,0,0,0,0,0,0,0.5,0.3333333,0,0.5,0,0,0,1,0,1,0,1,0,0.5,0,0,1,0.25,1,0,0.5,0.1666667,0.5,0,0.2,0.2,0,0.4545455,0.2,0.25,0.1666667,1,0.2222222,0.1666667,0,0,0,0
"Long-tailed Meadowlark (<em class=""sci"">Leistes loyca</em>)",0.3333333,0,0.75,1,0.5,0,0.5,0.6666667,1,0,1,0.6666667,0,1,0,0,1,0.5,0,1,0,1,0,0.0015,0.5,0.75,1,0.25,1,1,1,1,1,0.3333333,0.4,0.6,1,0.9090909,0.8,0.75,0.8333333,1,0.8888889,0.8333333,0.75,1,1,0.7142857
"Shiny Cowbird (<em class=""sci"">Molothrus bonariensis</em>)",0,0,0.25,0,0,0,0,0,0,0,0,0,0,0,0,0,0,0,0,0,0,0,0,0,0,0,0,0,0,0,0,0,0,0,0,0,0,0,0.3,0.5,0.1666667,0.5,0.2222222,0.3333333,0.25,0.0015,0.5,0.1428571
"Austral Blackbird (<em class=""sci"">Curaeus curaeus</em>)",0.3333333,0,0,0.25,0,0,0,0,0,0,0,0,0,0,0,0,0,0,0,1,0,0,0,0,0,0.25,0,0,0,0,0,0,0,0,0,0.2,0,0,0.1,0.5,0.1666667,0,0.1111111,0.1666667,0.125,0,0,0.1428571
"Yellow-winged Blackbird (<em class=""sci"">Agelasticus thilius</em>)",0,0,0,0.5,0,0,0,0,0,0,0,0.3333333,0,0,0,0,0,0,0,0,0,0,0,0,0,0,0,0,0,0,0,0,0,0,0,0,0,0,0,0,0,0,0.1111111,0.1666667,0.125,0.3333333,0,0
"Gray-hooded Sierra Finch (<em class=""sci"">Phrygilus gayi</em>)",0,0,0.25,0,0,0,0,0,0,0,0,0,0,0,0,0,0,0.5,0,1,0,0.3333333,0,0,0,0,0,0.25,0,0,0,0,0,0,0.2,0,0,0,0.1,0.25,0,0.5,0.0015,0.1666667,0,0.6666667,0,0.1428571
"Patagonian Sierra Finch (<em class=""sci"">Phrygilus patagonicus</em>)",0.3333333,0,0.25,0,0,0,0,0,0,0,0,0,0,0,0,0,0,0,0,0,0,0,0,0,0,0,0,0,0,0,0,0,0,0,0,0,0,0,0,0,0,0,0.1111111,0.0015,0,0,0,0
"Diuca Finch (<em class=""sci"">Diuca diuca</em>)",0.3333333,0.0015,0.25,0.5,0,0.3333333,0.5,0.6666667,1,0,1,0.6666667,0,0.5,0,0,0,0,0,0,0,0.3333333,0,0,0,0,0,0.125,0,0,0,0,0,0,0,0,0.5,0.5454545,0.6,0.5,0.5,1,0.5555556,0.8333333,0.5,0.6666667,1,0.7142857
"Plumbeous Sierra Finch (<em class=""sci"">Geospizopsis unicolor</em>)",0,0,0,0,0,0,0,0,0,0,0,0,0,0,0,0,0,0,0,0,0,0,0,0,0,0,0,0,0,0,0,0,0,0,0,0,0,0,0,0,0,0,0,0,0,0.3333333,0,0
"Mourning Sierra Finch (<em class=""sci"">Rhopospina fruticeti</em>)",0.3333333,0,0.5,0.5,0.5,0.3333333,0,0.3333333,0,0,0.5,0.6666667,0,0,0,0,0,0,0,0,0,0,0,0,0,0,0,0,0,0,0,0,0,0,0,0.2,0,0.0909091,0,0,0,0.0015,0,0.3333333,0.125,0.6666667,0.5,0.5714286
"Carbonated Sierra Finch (<em class=""sci"">Rhopospina carbonaria</em>)",0,0,0,0,0,0,0,0,0,0,0,0,0,0,0,0,0,0,0,0,0,0,0,0,0,0,0,0,0,0,0,0,0,0,0,0,0,0.0909091,0,0,0,0,0,0,0,0,0,0
"Saffron Finch (<em class=""sci"">Sicalis flaveola</em>)",0,0,0,0,0,0,0,0,0,0,0,0,0,0,0,0,0,0,0,0,0,0,0,0,0,0,0,0,0,0,0,0,0,0,0,0,0,0,0,0,0,0,0.1111111,0,0,0,0,0
"Grassland Yellow-Finch (<em class=""sci"">Sicalis luteola</em>)",0.6666667,0,0,0,0,0.3333333,0,0,0,0,0,0,0,0,0,0,0,0,0,0,0,0,0,0,0,0,0,0,0,0,0,0,0,0,0,0,0,0,0,0,0,0.0015,0.1111111,0.1666667,0,0,0.5,0.2857143
"passerine sp. (<em class=""sci"">Passeriformes sp.</em>)",0,0,0,0,0,0,0,0,0,0,0,0,0,0,0,0,0,0,0,0,0,0.3333333,0,0,0,0,0,0,0,0,0,0,0,0,0,0,0,0,0,0,0,0,0,0.1666667,0,0,0,0